CSD,mean,median,stdev,skew,kurtosis,zsum,nonzero
1804.0,0.015404341718702634,0.0,1.4893800557525918,100.87710010239405,31459.739799656778,0.11761431354663565,0.337890625
