CSD,mean,median,stdev,skew,kurtosis,zsum,nonzero
1804.0,0.032193850889144504,0.0,0.898092171807436,187.35590087138942,80749.44386148654,0.3760224812108096,0.020751953125
